observation,reference,error
18.19,18.149625935212438,0.04037406478756367
18.19,18.26781947796036,-0.07781947796035737
18.37,18.392528295262878,-0.022528295262876696
18.25,18.343976750771727,-0.09397675077172707
18.25,18.318149752246605,-0.06814975224660458
18.19,18.271160565352076,-0.08116056535207505
18.37,18.32657994781747,0.043420052182529645
18.25,18.31011874603518,-0.06011874603517953
18.25,18.298499686807215,-0.04849968680721517
18.25,18.28997254860563,-0.039972548605629044
18.44,18.34421866900281,0.0957813309971911
18.31,18.345168886175124,-0.035168886175124925
18.31,18.345401530420734,-0.03540153042073513
18.25,18.329527044686643,-0.07952704468664251
18.44,18.363404673827763,0.07659532617223874
18.31,18.35986044198299,-0.049860441982989556
18.31,18.356603459837597,-0.04660345983759839
18.25,18.34083490565138,-0.09083490565138064
18.44,18.366160775575885,0.07383922442411617
18.31,18.36166659645522,-0.051666596455220315
18.31,18.357525996738236,-0.0475259967382371
18.25,18.342615576659863,-0.09261557665986331
18.44,18.363578515280285,0.07642148471971666
18.25,18.348325866353346,-0.0983258663533455
18.25,18.3346720705677,-0.08467207056769865
18.25,18.32242204682062,-0.07242204682061981
18.44,18.34295698123166,0.09704301876834265
18.25,18.33008844498173,-0.08008844498172962
18.25,18.318395935188935,-0.06839593518893494
18.19,18.298163912213912,-0.10816391221391086
18.37,18.30852642723497,0.06147357276503129
18.25,18.299008280390805,-0.049008280390804515
18.25,18.29039219039428,-0.04039219039427877
18.25,18.28262903588754,-0.032629035887538294
18.37,18.294419018259912,0.07558098174008876
18.31,18.295970845080284,0.014029154919715126
18.25,18.288124862037026,-0.038124862037026475
18.25,18.281011448324968,-0.031011448324967716
18.44,18.304096486860484,0.13590351313951743
18.25,18.295878242019015,-0.04587824201901469
18.25,18.288341262077765,-0.03834126207776478
18.19,18.27217494702304,-0.08217494702303796
18.37,18.28534546464336,0.08465453535664125
18.25,18.278978176476027,-0.028978176476027073
18.25,18.273220624567035,-0.023220624567034776
18.19,18.258754997271826,-0.06875499727182444
18.37,18.273530038566285,0.09646996143371567
18.25,18.268675421236807,-0.01867542123680721
18.25,18.264329964285853,-0.01432996428585298
18.19,18.25117346973125,-0.06117346973124782
18.37,18.267152667092535,0.10284733290746573
18.25,18.263399161711973,-0.013399161711973306
18.25,18.26005295447308,-0.010052954473078302
18.19,18.24779776231895,-0.05779776231894829
18.37,18.26457857561165,0.10542142438835
18.25,18.26153860914429,-0.011538609144288614
18.25,18.258819591985006,-0.008819591985005815
18.25,18.256407141457093,-0.006407141457092536
18.44,18.283717599307717,0.15628240069228383
18.31,18.28869187894357,0.02130812105642832
18.25,18.283878954597796,-0.033878954597795996
18.25,18.279371157521492,-0.02937115752149211
18.44,18.304607650403057,0.13539234959694468
18.31,18.307561069211566,0.002438930788432714
18.31,18.310088778512387,-8.87785123886431e-05
18.25,18.302931576682262,-0.052931576682262005
18.44,18.325619798937645,0.11438020106235669
18.31,18.326148587089936,-0.01614858708993694
18.31,18.32638556731241,-0.01638556731241181
18.19,18.307789332915583,-0.11778933291558147
18.37,18.3184167455639,0.05158325443609968
18.31,18.318777355383098,-0.008777355383099206
18.25,18.309676439204612,-0.05967643920461185
18.25,18.30120906263986,-0.05120906263985958
18.37,18.311970212592453,0.05802978740754838
18.25,18.303236347000915,-0.053236347000915174
18.25,18.295162873512083,-0.04516287351208348
18.19,18.27846100731944,-0.08846100731943807
18.37,18.291069881563768,0.07893011843623299
18.25,18.28416941656709,-0.03416941656708872
18.25,18.27789330253741,-0.027893302537410847
18.25,18.272226449404997,-0.02222644940499663
18.44,18.29657114788926,0.1434288521107412
18.25,18.289587654965377,-0.039587654965377084
18.31,18.292462387802832,0.017537612197166652
18.25,18.285828492563134,-0.03582849256313381
18.44,18.309179059885857,0.1308209401141447
18.31,18.310482930535287,-0.0004829305352878066
18.25,18.302287146693704,-0.052287146693704045
18.25,18.294680751818035,-0.04468075181803499
18.44,18.31709432350099,0.12290567649901263
18.31,18.317503396037505,-0.0075033960375066044
18.31,18.317751568164706,-0.007751568164707123
18.25,18.30856907232519,-0.058569072325191485
18.44,18.32947004067048,0.11052995932952214
18.31,18.328439857256956,-0.018439857256957737
18.31,18.32732946730593,-0.01732946730593099
18.25,18.316874273160998,-0.06687427316099814
18.37,18.325751614221513,0.044248385778487886
18.25,18.315246602677362,-0.06524660267736238
18.25,18.305520094511802,-0.0555200945118024
18.25,18.29657798770886,-0.04657798770886146
18.37,18.306997972527256,0.06300202747274497
18.25,18.298040536392865,-0.04804053639286465
18.25,18.28984564719105,-0.03984564719105066
18.19,18.27311031027472,-0.08311031027471927
18.37,18.285760393480288,0.08423960651971285
18.25,18.278963822042137,-0.028963822042136655
18.25,18.27284318935276,-0.022843189352759197
18.25,18.26737339612201,-0.01737339612201083
18.44,18.29194769431559,0.14805230568441274
18.31,18.294509844501654,0.015490155498344649
18.31,18.296876615493115,0.01312338450688344
18.19,18.280464592184096,-0.09046459218409453
18.44,18.30413233082161,0.135867669178392
18.25,18.296478445560844,-0.046478445560843795
18.25,18.289405551128255,-0.0394055511282545
18.19,18.27362418193926,-0.08362418193926047
18.44,18.297913845853817,0.14208615414618464
18.31,18.300157873454488,0.009842126545510865
18.25,18.29289090481034,-0.042890904810338526
18.19,18.276900201837925,-0.08690020183792413
18.44,18.300970357015,0.1390296429850011
18.25,18.293697680294976,-0.04369768029497578
18.25,18.286983114387628,-0.03698311438762758
18.19,18.271536078196945,-0.08153607819694386
18.37,18.285295423561934,0.08470457643806739
18.31,18.28873383323978,0.021266166760216976
18.31,18.29191626285947,0.01808373714052891
18.19,18.2762580774574,-0.08625807745739777
18.44,18.30061760565505,0.1393823943449526
18.31,18.30288552670947,0.007114473290528167
18.31,18.304894739124112,0.005105260875886586
18.25,18.297367733754058,-0.047367733754057895
18.44,18.31981343466674,0.12018656533325967
18.31,18.320214332146023,-0.010214332146023963
18.31,18.320420350129307,-0.010420350129308531
18.19,18.301876088408576,-0.11187608840857521
18.44,18.32346340859142,0.11653659140858252
18.31,18.323091398385333,-0.013091398385334685
18.31,18.322606794222434,-0.01260679422243527
18.25,18.312741882359663,-0.06274188235966349
18.44,18.33301183833378,0.10698816166622294
18.31,18.331402327603474,-0.021402327603475158
18.31,18.32976380796742,-0.019763807967422053
18.25,18.318830624077663,-0.0688306240776626
18.44,18.338118577642632,0.10188142235736919
18.31,18.335612741737847,-0.025612741737848665
18.31,18.33316195960638,-0.023161959606380123
18.25,18.32149811846704,-0.07149811846704068
18.44,18.34013388218686,0.09986611781314281
18.31,18.337050651760347,-0.027050651760347932
18.31,18.334093194574276,-0.024093194574277277
18.25,18.321989033738635,-0.0719890337386353
18.44,18.340246282133577,0.09975371786642384
18.31,18.336841690997744,-0.02684169099774536
18.31,18.33361535493811,-0.023615354938112176
18.25,18.321290165578755,-0.07129016557875545
18.44,18.33936969942718,0.10063030057282063
18.31,18.335826310711667,-0.0258263107116683
18.31,18.33249587197555,-0.022495871975550585
18.19,18.310805805380603,-0.12080580538060204
18.44,18.329618376046767,0.11038162395323425
18.31,18.326821285790484,-0.016821285790484808
18.31,18.324238650792427,-0.014238650792428587
18.19,18.303287937842413,-0.11328793784241142
18.44,18.322823108212866,0.11717689178713542
18.31,18.320725063605497,-0.01072506360549852
18.31,18.31881247936349,-0.008812479363491832
18.19,18.298498600959118,-0.10849860095911623
18.44,18.318634253896995,0.12136574610300599
18.31,18.3170981623239,-0.007098162323902812
18.31,18.315707662164876,-0.005707662164876837
18.25,18.30516683537822,-0.05516683537821976
18.44,18.32496403083304,0.11503596916696068
18.31,18.323059600419242,-0.013059600419243367
18.31,18.32128029622292,-0.011280296222921038
18.25,18.310338424270263,-0.06033842427026315
18.44,18.329729443087707,0.11027055691229393
18.31,18.327419779953523,-0.017419779953524284
18.31,18.325241309250703,-0.01524130925070466
18.25,18.313910587208813,-0.06391058720881304
18.44,18.332926530257037,0.10707346974296428
18.31,18.33025830901299,-0.020258309012991305
18.31,18.327739901624614,-0.017739901624615584
18.25,18.316089400203733,-0.0660894002037331
18.44,18.334806757151814,0.10519324284818765
18.31,18.331861743094823,-0.02186174309482425
18.31,18.329088559936633,-0.019088559936633942
18.19,18.307913752503914,-0.11791375250391312
18.44,18.32719939044252,0.11280060955748183
18.31,18.32483355890676,-0.014833558906762079
18.31,18.32264124160908,-0.012641241609081533
18.19,18.302041170805566,-0.11204117080556486
18.44,18.321888893093377,0.11811110690662474
18.31,18.320067145214676,-0.010067145214676998
18.31,18.318396624740227,-0.00839662474022873
18.25,18.307584181424012,-0.057584181424012115
18.44,18.327120394058397,0.11287960594160396
18.31,18.32496736088644,-0.014967360886441128
18.31,18.322953148957033,-0.0129531489570347
18.19,18.30249954743189,-0.11249954743188795
18.44,18.32246509773288,0.1175349022671206
18.31,18.320735440023636,-0.010735440023637466
18.31,18.31913406029998,-0.009134060299981428
18.25,18.3083704633,-0.05837046330000106
18.44,18.327937735505863,0.11206226449413847
18.31,18.325800325763023,-0.015800325763024148
18.31,18.32378848840112,-0.013788488401122123
18.25,18.312617483540624,-0.06261748354062391
18.44,18.331785222131472,0.10821477786852896
18.31,18.329260128008052,-0.0192601280080531
18.31,18.326875660879033,-0.016875660879033916
18.19,18.306058143995344,-0.11605814399534253
18.44,18.32566986830544,0.11433013169456174
18.31,18.32359951168438,-0.013599511684383003
18.31,18.321672956760604,-0.011672956760605757
18.19,18.30131008179789,-0.11131008179788893
18.44,18.321367773329452,0.11863222667054885
18.31,18.319730254509953,-0.009730254509953795
18.31,18.31821981379115,-0.008219813791150443
18.19,18.29825350927046,-0.10825350927045818
18.44,18.31868609812899,0.12131390187101232
18.31,18.317400285689704,-0.007400285689705299
18.31,18.316217379128005,-0.006217379128006684
18.25,18.305845371633474,-0.05584537163347392
18.44,18.325776421731387,0.11422357826861429
18.31,18.323974555592862,-0.013974555592863425
18.31,18.322270037404174,-0.012270037404174872
18.25,18.311378502564597,-0.061378502564597426
18.5,18.34008999140276,0.15991000859724025
18.31,18.33701137071659,-0.027011370716589767
18.31,18.334058320114586,-0.024058320114587417
18.19,18.312666886731556,-0.12266688673155457
18.44,18.331707648918655,0.10829235108134583
18.31,18.32907625017703,-0.01907625017703296
18.31,18.326604331110833,-0.016604331110833925
18.25,18.31500788260803,-0.06500788260802892
18.44,18.333784982888478,0.10621501711152348
18.31,18.330903744645994,-0.020903744645995204
18.31,18.328196916168853,-0.018196916168854216
18.25,18.316381230388412,-0.06638123038841215
18.44,18.334955188902015,0.10504481109798647
18.31,18.331887052958514,-0.02188705295851534
18.31,18.329009485205685,-0.019009485205685905
18.25,18.31703893611923,-0.06703893611922851
18.44,18.335473462176196,0.10452653782380494
18.31,18.33228074781741,-0.02228074781741185
18.31,18.329292775086852,-0.019292775086853453
18.25,18.317225234982807,-0.06722523498280708
18.44,18.3355753677195,0.10442463228050158
18.31,18.33231000409548,-0.02231000409548045
18.31,18.329260252019772,-0.019260252019773105
18.25,18.317140922401187,-0.06714092240118674
18.44,18.33544838177419,0.1045516182258126
18.31,18.332148604033474,-0.022148604033475294
18.31,18.329071865502947,-0.019071865502947816
18.25,18.316932177715742,-0.06693217771574211
18.44,18.335225145444983,0.10477485455501778
18.31,18.331916022517234,-0.021916022517235234
18.31,18.328834409786637,-0.018834409786638417
18.25,18.316693689790394,-0.06669368979039447
18.44,18.33498888576035,0.1050111142396517
18.31,18.331684717648383,-0.021684717648383867
18.31,18.328610299659996,-0.018610299659997054
18.25,18.316478573923447,-0.06647857392344747
18.5,18.344075618211665,0.1559243817883349
18.37,18.349294765703128,0.020705234296872987
18.31,18.34468342964484,-0.03468342964483995
18.25,18.331043820824732,-0.08104382082473194
18.5,18.357177124863128,0.14282287513687209
18.31,18.351697419172048,-0.041697419172049166
18.31,18.346524174864957,-0.03652417486495807
18.25,18.33238574179856,-0.08238574179856073
18.44,18.348788571678963,0.09121142832103857
18.31,18.343705673521107,-0.03370567352110854
18.25,18.329680239431724,-0.07968023943172398
18.25,18.316790818586508,-0.06679081858650804
18.44,18.334451992870207,0.10554800712979429
18.31,18.33061896628285,-0.020618966282849982
18.25,18.317819993312504,-0.06781999331250432
18.25,18.306121303080054,-0.056121303080054474
18.44,18.3249275298041,0.11507247019590139
18.31,18.32218606415556,-0.012186064155560672
18.25,18.31041925269417,-0.06041925269417092
18.25,18.29968910375722,-0.049689103757220465
18.44,18.319397511532213,0.12060248846778876
18.31,18.317490413729267,-0.007490413729268397
18.25,18.306489810595203,-0.05648981059520253
18.19,18.287166853786868,-0.09716685378686662
18.44,18.30828730181108,0.13171269818892029
18.25,18.298426573990092,-0.04842657399009198
18.25,18.289463255309784,-0.03946325530978356
18.25,18.28137490819942,-0.031374908199421014
18.44,18.303554119584486,0.13644588041551486
18.31,18.303941184376683,0.006058815623315894
18.31,18.30434708052599,0.005652919474009366
18.25,18.29547216461553,-0.0454721646155285
18.44,18.316803333495105,0.1231966665048958
18.31,18.316301427223,-0.006301427223000644
18.31,18.315795319441815,-0.005795319441816105
18.25,18.30600079059754,-0.05600079059754037
18.5,18.335709321972455,0.1642906780275446
18.31,18.33353029781019,-0.023530297810189893
18.31,18.331382792224566,-0.021382792224567737
18.25,18.31999839410889,-0.06999839410888953
18.44,18.33888982506357,0.10111017493643004
18.31,18.336038843989023,-0.02603884398902423
18.31,18.333290825210373,-0.023290825210374067
18.19,18.31208265120961,-0.1220826512096096
18.5,18.340577339536015,0.159422660463985
18.31,18.33730915546395,-0.027309155463949963
18.31,18.334192025260432,-0.02419202526043307
18.19,18.312660182919725,-0.12266018291972358
18.44,18.331582366686554,0.10841763331344723
18.31,18.328852381088996,-0.01885238108899756
18.25,18.31700860247956,-0.06700860247956086
18.19,18.296836286420042,-0.10683628642004095
18.44,18.31711319162258,0.12288680837742305
18.31,18.315716253818056,-0.005716253818057737
18.31,18.314461324747818,-0.004461324747818907
18.25,18.30405127860227,-0.05405127860226955
18.44,18.323973505795554,0.11602649420444777
18.31,18.322187622928695,-0.012187622928696129
18.31,18.320519844965414,-0.01051984496541536
18.25,18.30968211527177,-0.059682115271769476
18.5,18.338461132019546,0.16153886798045392
18.31,18.335460758996916,-0.025460758996917576
18.31,18.33259399847268,-0.02259399847268284
18.25,18.320585980432973,-0.07058598043297337
18.44,18.33894272442125,0.10105727557875
18.31,18.33563916891886,-0.02563916891886109
18.31,18.332513856471916,-0.022513856471917393
18.25,18.320288367148347,-0.07028836714834696
18.44,18.338465186211543,0.10153481378845797
18.31,18.335015777028747,-0.025015777028748687
18.25,18.322483852070814,-0.07248385207081398
18.25,18.310950220186687,-0.06095022018668672
18.44,18.329833163520167,0.11016683647983427
18.31,18.32709275572321,-0.017092755723211894
18.25,18.315263045928607,-0.06526304592860654
18.19,18.29512531417084,-0.10512531417083792
18.44,18.315453692551152,0.12454630744884909
18.25,18.304830382078435,-0.05483038207843549
18.31,18.304430766012047,0.00556923398795206
18.19,18.28558253934763,-0.09558253934762817
18.44,18.307124799815607,0.1328752001843938
18.25,18.297635677417002,-0.04763567741700214
18.25,18.28899670079382,-0.03899670079382034
18.25,18.281188534659783,-0.03118853465978333
18.5,18.312898412100363,0.1871015878996367
18.37,18.32199882752679,0.04800117247321012
18.37,18.33031404320502,0.03968595679497966
18.25,18.319274645998707,-0.06927464599870703
18.5,18.34775851154743,0.1522414884525709
18.31,18.34438781757865,-0.034387817578650726
18.31,18.341092021538657,-0.031092021538658088
18.25,18.328610923737166,-0.07861092373716616
18.5,18.355754965000123,0.1442450349998765
18.31,18.35114796592844,-0.04114796592844172
18.31,18.346719426567738,-0.03671942656773908
18.25,18.333207836813546,-0.08320783681354627
18.44,18.35012975048013,0.08987024951987266
18.31,18.34546811529531,-0.035468115295312685
18.31,18.34106724491735,-0.031067244917352355
18.25,18.327652523953088,-0.07765252395308764
18.44,18.344728530707034,0.09527146929296748
18.31,18.340267347916203,-0.030267347916204557
18.25,18.326812053906462,-0.07681205390646184
18.25,18.31444177222774,-0.06444177222774172
18.44,18.332572233260635,0.1074277667393666
18.31,18.329160259783883,-0.01916025978388447
18.31,18.326027551619518,-0.016027551619519187
18.25,18.313880140933506,-0.06388014093350591
18.44,18.33220626153624,0.10779373846376217
18.31,18.328964406310572,-0.018964406310573168
18.25,18.31668656847453,-0.06668656847453036
18.25,18.305443047456293,-0.05544304745629347
18.44,18.32464277509339,0.11535722490661016
18.31,18.322237575912663,-0.012237575912664056
18.25,18.310754287824437,-0.06075428782443737
18.25,18.30025940071528,-0.05025940071528012
18.44,18.320159223773448,0.1198407762265532
18.31,18.31840399606696,-0.008403996066959962
18.31,18.316811317378875,-0.0068113173788759696
18.25,18.306085272197738,-0.05608527219773762
18.44,18.32571399103067,0.11428600896933006
18.31,18.3236574235593,-0.013657423559301662
18.31,18.321741769514077,-0.011741769514078015
18.25,18.310678662850975,-0.06067866285097523
18.44,18.329962797587946,0.11003720241205528
18.31,18.32755976831077,-0.017559768310771773
18.31,18.32530056991059,-0.0153005699105897
18.25,18.313900851007393,-0.06390085100739284
18.44,18.33285860845721,0.10714139154278968
18.31,18.330142095149057,-0.020142095149058292
18.31,18.327584384992623,-0.017584384992623825
18.25,18.315902689018856,-0.06590268901885565
18.5,18.34388755971976,0.15611244028023918
18.31,18.340145470615685,-0.030145470615686065
18.31,18.33659094792397,-0.026590947923970987
18.25,18.323949708124417,-0.0739497081244167
18.44,18.341727557346125,0.09827244265387591
18.31,18.33789854739443,-0.027898547394432427
18.31,18.334299776665173,-0.024299776665174022
18.25,18.32165092870635,-0.07165092870635092
18.44,18.339452234601435,0.10054776539856647
18.31,18.3356726305709,-0.0256726305709023
18.31,18.332144554243754,-0.02214455424375572
18.25,18.319583473382288,-0.06958347338228776
18.44,18.337485834166568,0.10251416583343342
18.31,18.333817201278485,-0.02381720127848652
18.31,18.330407033994348,-0.020407033994349177
18.25,18.3179681927437,-0.06796819274369881
18.44,18.33599486383676,0.10400513616324147
18.31,18.332450675122036,-0.022450675122037467
18.31,18.32916344723525,-0.01916344723525043
18.25,18.31684467528488,-0.06684467528488014
18.5,18.34427887914981,0.1557211208501883
18.37,18.34935776066424,0.020642239335760593
18.31,18.34462706086425,-0.03462706086425271
18.25,18.3308873055293,-0.08088730552929846
18.5,18.35693800636241,0.1430619936375912
18.31,18.35139159799471,-0.041391597994710594
18.31,18.346165956431417,-0.03616595643141807
18.25,18.331987897449324,-0.08198789744932355
18.44,18.348362410196977,0.09163758980302461
18.31,18.3432611205932,-0.03326112059320252
18.31,18.33851737293172,-0.028517372931720075
18.25,18.3248460229344,-0.07484602293439835
18.44,18.34174162917581,0.09825837082419042
18.31,18.337166815239065,-0.02716681523906672
18.31,18.332947247187235,-0.022947247187236286
18.25,18.31979132139443,-0.06979132139442967
18.44,18.337188251195784,0.10281174880421773
18.31,18.333096326009233,-0.023096326009234502
18.31,18.329337788583402,-0.01933778858340318
18.25,18.31661842628345,-0.06661842628345127
18.44,18.33442556555973,0.10557443444027115
18.31,18.330716243774763,-0.02071624377476411
18.31,18.327312004421163,-0.017312004421164318
18.19,18.305626961748306,-0.11562696174830478
18.44,18.32451110898805,0.11548889101194959
18.31,18.321840911205808,-0.01184091120580888
18.31,18.31943026875872,-0.009430268758720217
18.25,18.307978878404825,-0.05797887840482474
18.5,18.336261408395696,0.1637385916043037
18.31,18.332870032133524,-0.022870032133525342
18.37,18.338997950588855,0.03100204941114626
18.25,18.325997075230305,-0.07599707523030474
18.44,18.343444363140993,0.09655563685900859
18.31,18.339313661420192,-0.029313661420193426
18.37,18.344732970267373,0.025267029732628288
18.19,18.321767207127756,-0.13176720712775492
18.5,18.348650572337554,0.15134942766244563
18.31,18.343915629746906,-0.03391562974690743
18.31,18.339472988178684,-0.02947298817868571
18.25,18.326043691691403,-0.07604369169140313
18.5,18.352419746779358,0.14758025322064228
18.37,18.356498501591304,0.013501498408697188
18.31,18.350829714753143,-0.04082971475314423
18.25,18.33621650089658,-0.08621650089657962
18.5,18.361459719432155,0.1385402805678453
18.31,18.35517208623266,-0.045172086232661
18.31,18.349270853572907,-0.03927085357290849
18.19,18.325190006633015,-0.13519000663301384
18.44,18.34179501684447,0.09820498315553294
18.31,18.336973913754964,-0.02697391375496494
18.31,18.332548704204175,-0.022548704204176317
18.19,18.30993271339184,-0.1199327133918402
18.5,18.33726554745013,0.16273445254986996
18.31,18.333058487887214,-0.02305848788721576
18.31,18.329203137444054,-0.01920313744405533
18.25,18.316403704961235,-0.06640370496123538
18.5,18.34343741528083,0.15656258471916829
18.37,18.34818876263271,0.021811237367291625
18.31,18.343196448048275,-0.03319644804827604
18.25,18.329254190475677,-0.07925419047567672
18.5,18.355154980347635,0.14484501965236518
18.31,18.34950505714836,-0.039505057148360834
18.31,18.344216457900593,-0.03421645790059458
18.25,18.330010536321527,-0.08001053632152733
18.5,18.35567865921152,0.1443213407884798
18.31,18.349825290858774,-0.03982529085877573
18.31,18.34436058807664,-0.03436058807664111
18.19,18.32071250992133,-0.13071250992132732
18.44,18.33774148378924,0.10225851621076032
18.31,18.333331390775996,-0.023331390775997107
18.31,18.329300900098843,-0.019300900098844664
18.19,18.307060727994468,-0.11706072799446687
18.44,18.325457071227248,0.11454292877275307
18.31,18.322362311002255,-0.012362311002256376
18.31,18.319586074023064,-0.00958607402306555
18.19,18.298532228408888,-0.10853222840888677
18.44,18.318042066417146,0.12195793358285556
18.31,18.315984771137785,-0.005984771137786282
18.31,18.31416825488249,-0.004168254882490174
18.19,18.29399594762512,-0.1039959476251191
18.5,18.323601237929434,0.1763987620705656
18.31,18.321492378715003,-0.011492378715004747
18.31,18.319560678651502,-0.009560678651503451
18.25,18.308512367388325,-0.05851236738832455
18.44,18.327837170562006,0.11216282943799527
18.31,18.32549614739022,-0.015496147390219761
18.25,18.31402473217358,-0.06402473217357851
18.25,18.30349735997153,-0.053497359971530045
18.44,18.32332763147773,0.11667236852226992
18.31,18.321472430025892,-0.011472430025893487
18.31,18.319755366272226,-0.00975536627222695
18.19,18.29959447197844,-0.10959447197843986
18.44,18.319845170765117,0.12015482923488463
18.31,18.318390566081497,-0.008390566081498463
18.31,18.317052131290325,-0.0070521312903260025
18.19,18.297246377441308,-0.1072463774413066
18.44,18.31782774831317,0.12217225168683044
18.31,18.31667883736466,-0.0066788373646602395
18.31,18.315621011689792,-0.005621011689793676
18.25,18.305362468798727,-0.05536246879872664
18.5,18.334687141066265,0.16531285893373493
18.31,18.33219699073145,-0.02219699073145165
18.31,18.329803873648746,-0.019803873648747583
18.25,18.31823242649111,-0.06823242649111094
18.44,18.33698873386599,0.10301126613401124
18.31,18.334048270381057,-0.0240482703810585
18.31,18.331250505853358,-0.021250505853359414
18.25,18.319318266139124,-0.06931826613912406
18.5,18.347046985431117,0.1529530145688831
18.31,18.343047335888294,-0.03304733588829478
18.31,18.33923741049485,-0.029237410494850735
18.25,18.32634591210389,-0.07634591210388919
18.5,18.353172554021537,0.1468274459784631
18.31,18.348330881447705,-0.03833088144770613
18.31,18.343740634723304,-0.03374063472330491
18.25,18.330131106762877,-0.08013110676287738
18.5,18.356301699697372,0.14369830030262776
18.31,18.350864889923773,-0.04086488992377468
18.31,18.345738722572275,-0.03573872257227606
18.25,18.331650287982434,-0.08165028798243412
18.5,18.35739638555103,0.1426036144489693
18.31,18.35158658458771,-0.04158658458771214
18.31,18.346135803708883,-0.03613580370888414
18.19,18.322476411796686,-0.13247641179668435
18.44,18.339472891270074,0.10052710872992776
18.31,18.335012825668056,-0.02501282566805685
18.25,18.32162679039071,-0.07162679039070952
18.25,18.30938245631928,-0.05938245631928041
18.44,18.327685137679833,0.11231486232016863
18.31,18.324482252520177,-0.014482252520178207
18.31,18.321587073000277,-0.01158707300027828
18.25,18.309698138955305,-0.05969813895530507
18.44,18.328297079761576,0.11170292023842521
18.31,18.325336620132,-0.015336620132000434
18.31,18.322635217014653,-0.012635217014654643
18.25,18.310896424621465,-0.06089642462146472
18.44,18.329606677491224,0.1103933225087772
18.31,18.326723266211072,-0.01672326621107345
18.31,18.324068952009277,-0.01406895200927849
18.25,18.312351316333352,-0.062351316333352
18.44,18.331060534457038,0.10893946554296363
18.31,18.328157346934894,-0.018157346934895457
18.31,18.32546767436926,-0.015467674369261886
18.25,18.313701970913606,-0.06370197091360552
18.44,18.332353004923895,0.10764699507610587
18.31,18.329383840002105,-0.019383840002106467
18.31,18.32662246137793,-0.01662246137793133
18.25,18.314781142588007,-0.06478114258800716
18.44,18.3333542404512,0.10664575954880107
18.31,18.330306191220103,-0.020306191220104353
18.31,18.32746615253693,-0.017466152536929513
18.25,18.315547385878453,-0.06554738587845321
18.5,18.34333651739905,0.1566634826009512
18.31,18.339436164949415,-0.029436164949416366
18.31,18.33575710892968,-0.02575710892968175
18.25,18.32302146154314,-0.0730214615431386
18.5,18.350023041269097,0.14997695873090322
18.31,18.34537016318943,-0.035370163189430315
18.31,18.340977967297928,-0.0309779672979289
18.25,18.327571738217724,-0.07757173821772412
18.5,18.353947422271993,0.14605257772800684
18.31,18.348714551906617,-0.038714551906618766
18.31,18.343788699167124,-0.03378869916712546
18.25,18.32989491141044,-0.0798949114104417
18.5,18.35582833510924,0.1441716648907594
18.31,18.350197237793935,-0.04019723779393658
18.37,18.35420700013879,0.015792999861211854
18.25,18.339218246720137,-0.08921824672013656
18.5,18.364105054826382,0.135894945173618
18.37,18.36677326191194,0.003226738088059733
18.37,18.36907022824423,0.0009297717557714691
18.25,18.35244067986888,-0.10244067986888084
18.5,18.375768876303507,0.12423112369649303
18.37,18.376968191964362,-0.006968191964361381
18.37,18.37789119046407,-0.007891190464068387
18.25,18.35998576130568,-0.10998576130567983
18.5,18.38213756233995,0.117862437660051
18.37,18.382259856354885,-0.012259856354884135
18.37,18.382203820653597,-0.012203820653596154
18.25,18.363414899165868,-0.11341489916586767
18.5,18.384775440735503,0.11522455926449737
18.37,18.38419471243977,-0.014194712439767443
18.37,18.383519367457108,-0.013519367457107023
18.25,18.364189937826144,-0.1141899378261435
18.5,18.38508359664155,0.11491640335844977
18.37,18.384104279524283,-0.014104279524282504
18.37,18.383093245916513,-0.01309324591651162
18.25,18.363485651609604,-0.11348565160960433
18.5,18.384153378128815,0.11584662187118511
18.37,18.382995209886726,-0.012995209886724979
18.37,18.381847440713557,-0.011847440713555812
18.25,18.362140482202552,-0.1121404822025518
18.56,18.39203317063197,0.1679668293680301
18.37,18.390057579419505,-0.020057579419503924
18.37,18.388127152810657,-0.018127152810656355
18.25,18.367677094099328,-0.11767709409932792
18.5,18.387578324801105,0.11242167519889534
18.37,18.385727830308696,-0.015727830308694735
18.31,18.374667969593396,-0.0646679695933976
18.25,18.35518860665389,-0.10518860665388985
18.5,18.37607257762994,0.12392742237005905
18.37,18.375202226031956,-0.005202226031954638
18.31,18.365107570123033,-0.05510757012303458
18.25,18.34656823845643,-0.09656823845643103
18.5,18.368358744045526,0.13164125595447373
18.37,18.3683548316662,0.0016451683338019052
18.37,18.368372914139755,0.0016270858602460692
18.25,18.349826450016014,-0.09982645001601398
18.5,18.371568567340905,0.12843143265909518
18.37,18.371482028762024,-0.001482028762023191
18.37,18.371389623332988,-0.0013896233329866448
18.25,18.352710560661208,-0.1027105606612082
18.5,18.374303116718405,0.125696883281595
18.37,18.374054625416985,-0.004054625416983981
18.37,18.373791900283223,-0.0037919002832218496
18.25,18.35493766095734,-0.10493766095734003
18.5,18.37635321303462,0.12364678696538078
18.37,18.37592847464833,-0.005928474648328574
18.37,18.37549243351916,-0.005492433519158624
18.25,18.35646960868404,-0.10646960868404065
18.56,18.3870142151285,0.17298578487149996
18.44,18.396494864627545,0.04350513537245604
18.44,18.40507297886921,0.03492702113079105
18.31,18.392645322007372,-0.08264532200737307
18.56,18.419782076879965,0.14021792312003356
18.37,18.415116562901623,-0.04511656290162236
18.44,18.42142699916527,0.018573000834731346
18.31,18.40687021108407,-0.09687021108407023
18.56,18.43202260753051,0.12797739246948936
18.37,18.42552088760062,-0.05552088760061835
18.37,18.419304175385854,-0.049304175385852744
18.31,18.40411770923103,-0.09411770923103191
18.56,18.428773723518734,0.1312262764812644
18.37,18.42189472898468,-0.05189472898467784
18.37,18.415406310005274,-0.04540631000527284
18.31,18.400040889439126,-0.09004088943912691
18.56,18.424598664874544,0.13540133512545438
18.37,18.417690924850117,-0.047690924850115834
18.37,18.411232865896675,-0.0412328658966743
18.31,18.39594736322658,-0.08594736322658036
18.5,18.41133445085479,0.08866554914521174
18.37,18.40536000653322,-0.03536000653321736
18.37,18.39985103089498,-0.02985103089497798
18.31,18.385515615198827,-0.0755156151988281
18.5,18.401841285863604,0.09815871413639599
18.37,18.39678349950399,-0.026783499503988395
18.37,18.39216073445714,-0.022160734457138176
18.25,18.36938282513141,-0.11938282513141019
18.56,18.396585964122995,0.16341403587700398
18.37,18.392278129075624,-0.0222781290756231
18.37,18.38834775450772,-0.01834775450771886
18.25,18.36620458671938,-0.11620458671938039
18.5,18.384694043197076,0.11530595680292421
18.37,18.381687897133187,-0.011687897133185743
18.37,18.37899531986695,-0.008995319866947682
18.25,18.35801985908307,-0.10801985908306833
18.5,18.377602604805418,0.12239739519458226
18.37,18.375612640416275,-0.005612640416273962
18.37,18.373857866464974,-0.003857866464972659
18.25,18.353741775642252,-0.10374177564225207
18.5,18.37410643121381,0.1258935687861893
18.37,18.37282274615632,-0.002822746156319056
18.37,18.371701150566714,-0.001701150566713494
18.25,18.35214822535664,-0.1021482253566397
18.56,18.382301004166116,0.17769899583388238
18.37,18.380671755218426,-0.010671755218425005
18.37,18.379156063178563,-0.00915606317856188
18.25,18.35917314827503,-0.10917314827502977
18.56,18.388871192823164,0.1711288071768351
18.37,18.386772208972054,-0.01677220897205345
18.37,18.384780211417276,-0.014780211417274813
18.25,18.36432163038958,-0.1143216303895791
18.56,18.39355073337084,0.16644926662915793
18.37,18.390994587916374,-0.02099458791637332
18.44,18.39940135327725,0.04059864672275282
18.25,18.377611169398534,-0.12761116939853423
18.56,18.405542099646862,0.15445790035313678
18.37,18.401732912341398,-0.03173291234139697
18.44,18.40894106879506,0.031058931204942297
18.25,18.386013862832773,-0.1360138628327725
18.56,18.412874603172842,0.14712539682715686
18.44,18.418905647481804,0.021094352518197468
18.44,18.42427698903613,0.015723010963871076
18.25,18.399598028969557,-0.14959802896955665
18.56,18.424801678421545,0.13519832157845357
18.37,18.418437154577973,-0.0484371545779716
18.37,18.41242848889995,-0.042428488899947325
18.25,18.388215793030376,-0.13821579303037623
18.56,18.413961483713503,0.14603851628649522
18.37,18.40819599636283,-0.03819599636283044
18.37,18.402826748164582,-0.03282674816458098
18.25,18.37927928433478,-0.1292792843347783
18.56,18.405703375293722,0.15429662470627648
18.37,18.40061859730759,-0.030618597307590534
18.37,18.395923160015037,-0.025923160015036473
18.25,18.373034916629866,-0.12303491662986588
18.56,18.40009732642639,0.1599026735736082
18.37,18.39562490359691,-0.02562490359690983
18.37,18.391511917162628,-0.021511917162627014
18.25,18.369173278742732,-0.11917327874273198
18.56,18.39675038857752,0.1632496114224793
18.37,18.39275647448446,-0.022756474484459943
18.44,18.3999252140106,0.0400747859894004
18.25,18.37708191112212,-0.12708191112211864
18.56,18.404129686677987,0.15587031332201207
18.44,18.410432495896007,0.029567504103994224
18.44,18.416143677782273,0.023856322217728376
18.25,18.391857673183747,-0.14185767318374687
18.56,18.417494059110776,0.14250594088922242
18.44,18.422430291482648,0.017569708517353178
18.44,18.426830536706746,0.013169463293255745
18.25,18.401297662943612,-0.15129766294361247
18.56,18.42575753653676,0.13424246346323798
18.44,18.4295920140723,0.010407985927702867
18.44,18.432968009218744,0.007031990781257491
18.31,18.415781154462074,-0.10578115446207548
18.56,18.4385949177585,0.12140508224149826
18.37,18.43003127233048,-0.060031272330480334
18.37,18.422013299305128,-0.05201329930512699
18.25,18.395977839364548,-0.1459778393645479
18.56,18.420082119557968,0.1399178804420309
18.44,18.42368985664102,0.016310143358982288
18.37,18.41611093314175,-0.04611093314174752
18.25,18.390523269843847,-0.14052326984384678
18.5,18.405785467247618,0.09421453275238179
18.37,18.399777615758918,-0.02977761575891691
18.37,18.39431298350288,-0.024312983502877472
18.25,18.370795594824692,-0.12079559482469193
18.5,18.388063950689787,0.11193604931021284
18.37,18.38398198811325,-0.013981988113247468
18.37,18.3803503668953,-0.01035036689529889
18.25,18.35856366306411,-0.10856366306411047
18.5,18.377453722763498,0.12254627723650202
18.37,18.374880275608607,-0.004880275608606155
18.37,18.372641897120598,-0.0026418971205970365
18.25,18.352132900486172,-0.10213290048617196
18.56,18.38147786194432,0.17852213805567985
18.37,18.37917659397386,-0.009176593973858616
18.37,18.377112388833677,-0.007112388833675709
18.25,18.356692472205115,-0.1066924722051148
18.5,18.376761989386754,0.12323801061324602
18.37,18.3751943451663,-0.005194345166298575
18.37,18.373801930233878,-0.00380193023387676
18.25,18.353992811649707,-0.1039928116497073
18.56,18.383905088907497,0.17609491109250186
18.37,18.38205172701789,-0.01205172701788726
18.44,18.391168711629877,0.04883128837012407
18.25,18.370085797588008,-0.12008579758800764
18.56,18.398712309714725,0.161287690285274
18.37,18.39557978297041,-0.025579782970410747
18.37,18.392599786277646,-0.02259978627764525
18.25,18.37120454214673,-0.1212045421467316
18.56,18.39955254593642,0.1604474540635792
18.44,18.40701374113799,0.03298625886201023
18.44,18.41374837180667,0.026251628193332266
18.25,18.39035846887141,-0.14035846887140835
18.56,18.416771679695536,0.14322832030446264
18.37,18.411533806356022,-0.04153380635602133
18.44,18.417407097161767,0.022592902838233897
18.25,18.393241671863574,-0.14324167186357428
18.56,18.41896197098182,0.14103802901817986
18.44,18.42395003749441,0.016049962505590543
18.44,18.428374331589726,0.011625668410275125
18.25,18.402841711524065,-0.152841711524065
18.56,18.427281725203766,0.13271827479623255
18.44,18.431079602159134,0.008920397840867622
18.44,18.43440532432418,0.005594675675819616
18.25,18.40786584491755,-0.15786584491754851
18.62,18.440681049883203,0.179318950116798
18.44,18.442871566632252,-0.002871566632251188
18.44,18.44468553191483,-0.0046855319148271235
18.25,18.416734748554102,-0.1667347485541022
18.62,18.448241895102765,0.1717581048972363
18.44,18.44922861681908,-0.009228616819079605
18.44,18.449942555140794,-0.009942555140792564
18.25,18.42099374518286,-0.1709937451828587
18.62,18.451602045416088,0.16839795458391293
18.44,18.45178542827534,-0.011785428275338461
18.44,18.45178718943756,-0.011787189437558965
18.31,18.4315039561737,-0.1215039561737008
18.62,18.460787874894372,0.1592121251056291
18.44,18.459732540802644,-0.019732540802642973
18.44,18.458584088453524,-0.01858408845352244
18.25,18.427948943587612,-0.17794894358761226
18.56,18.447750175177067,0.112249824822932
18.44,18.44736150796605,-0.0073615079660491745
18.44,18.446937321116177,-0.006937321116176065
18.25,18.41706570454449,-0.1670657045444912
18.56,18.437653720380062,0.12234627961993638
18.44,18.438061262950843,0.0019387370491585898
18.44,18.43843090020365,0.0015690997963524467
18.25,18.409340770912397,-0.1593407709123973
18.56,18.43068968746442,0.1293103125355799
18.44,18.431830839628216,0.008169160371785722
18.44,18.432901483857005,0.007098516142995948
18.25,18.4044756938255,-0.15447569382549986
18.56,18.42644932305343,0.13355067694656952
18.44,18.428173575833572,0.011826424166429206
18.44,18.42978457161162,0.010215428388381298
18.25,18.40185597891363,-0.15185597891363045
18.62,18.433575320048202,0.18642467995179857
18.44,18.434932057978408,0.005067942021593552
18.44,18.436144583662504,0.0038554163374975303
18.25,18.407796539826297,-0.15779653982629682
18.62,18.439084151175052,0.1809158488249487
18.44,18.44000439507298,-4.3950729775588115e-06
18.44,18.440782075158488,-0.0007820751584866059
18.25,18.41200623235448,-0.16200623235447864
18.56,18.43358611185295,0.12641388814704868
18.44,18.43488480392637,0.005115196073631978
18.44,18.436048886944555,0.003951113055446598
18.25,18.40766114631492,-0.15766114631491845
18.62,18.438916968480584,0.1810830315194174
18.44,18.439812519547186,0.00018748045281569148
18.44,18.440571825263707,-0.0005718252637052501
18.25,18.411783186978685,-0.16178318697868477
18.62,18.442646602451852,0.17735339754814916
18.44,18.44316202461665,-0.003162024616649717
18.5,18.452847970151552,0.047152029848447796
18.31,18.432224076963696,-0.12222407696369686
18.62,18.461210727145787,0.1587892728542144
18.44,18.45989866123616,-0.019898661236158688
18.5,18.46782252431464,0.03217747568535856
18.25,18.43622328459595,-0.1862232845959504
18.62,18.46439359329621,0.15560640670378945
18.44,18.46235022175909,-0.022350221759086963
18.5,18.469624154399124,0.030375845600875806
18.25,18.437452207680586,-0.187452207680586
18.62,18.465122520009505,0.15487747999049617
18.44,18.462647103444088,-0.02264710344408627
18.44,18.460260586537416,-0.020260586537414582
18.25,18.428557304386487,-0.1785573043864872
18.56,18.447447898405922,0.11255210159407625
18.44,18.446293542613937,-0.006293542613935443
18.44,18.445236124524538,-0.0052361245245364785
18.31,18.424142904886992,-0.11414290488699308
18.56,18.443546521290784,0.11645347870921441
18.44,18.442876464696784,-0.002876464696782932
18.44,18.44227277419949,-0.002272774199489902
18.31,18.421601545834683,-0.1116015458346844
18.56,18.44139484544991,0.1186051545500888
18.44,18.44108210084284,-0.0010821008428401058
18.44,18.440803718587485,-0.0008037185874840702
18.31,18.420426521375923,-0.11042652137592412
18.56,18.440483595820268,0.11951640417973053
18.44,18.440405625775078,-0.0004056257750768566
18.37,18.429494431227376,-0.05949443122737463
18.31,18.410207974053478,-0.10020797405347892
18.5,18.422028281427984,0.0779717185720159
18.44,18.42374039318493,0.016259606815072658
18.37,18.41455873913261,-0.04455873913260788
18.31,18.396928170500722,-0.08692817050072321
18.56,18.419612041800484,0.14038795819951488
18.44,18.422025442489662,0.01797455751033894
18.44,18.42429879892513,0.015701201074872273
18.31,18.406292766570377,-0.09629276657037877
18.56,18.428537567508307,0.13146243249169132
18.44,18.4304638495579,0.009536150442102098
18.37,18.42137578761926,-0.05137578761926065
18.31,18.40373568855767,-0.09373568855767189
18.56,18.42632300008988,0.1336769999101186
18.37,18.41772751903308,-0.047727519033077925
18.37,18.40984260264378,-0.03984260264378037
18.31,18.39336927706279,-0.08336927706278985
18.5,18.40778600301534,0.09221399698466115
18.37,18.401037598514975,-0.031037598514974007
18.37,18.394930712280182,-0.024930712280180956
18.25,18.370862496319123,-0.12086249631912338
18.5,18.387664454845876,0.11233554515412436
18.31,18.373902063796688,-0.06390206379668939
18.31,18.361440085380973,-0.051440085380974665
18.25,18.340947710179936,-0.09094771017993608
18.5,18.361160688706647,0.1388393112933528
18.37,18.35991712377493,0.010082876225069981
18.37,18.358997222645293,0.011002777354708115
18.37,18.358362823272696,0.011637176727305132
18.56,18.387400886914826,0.17259911308517317
18.44,18.39560326591015,0.04439673408985101
18.44,18.40311265118631,0.03688734881369271
18.37,18.399098702611006,-0.029098702611005223
18.56,18.424750954517712,0.13524904548228633
18.44,18.429606248308783,0.010393751691218256
18.44,18.43384479359432,0.006155206405679792
18.37,18.42666696760369,-0.0566669676036895
18.62,18.458578324732493,0.1614216752675084
18.5,18.469063727218334,0.03093627278166622
18.5,18.478327591918436,0.021672408081563788
18.44,18.47714719258318,-0.037147192583177
18.62,18.50354098315595,0.11645901684405047
18.5,18.50877869181947,-0.008778691819468776
18.5,18.51309116938508,-0.013091169385081258
18.44,18.507274177749444,-0.067274177749443
18.62,18.52935770329619,0.09064229670381252
18.5,18.530616978151127,-0.030616978151126517
18.5,18.53128319057227,-0.031283190572271025
18.44,18.522148069090086,-0.08214806909008487
18.69,18.552073950369778,0.1379260496302237
18.5,18.549735848781733,-0.04973584878173298
18.5,18.54711319921693,-0.04711319921693047
18.44,18.534992713238264,-0.09499271323826264
18.69,18.562228541658403,0.12777145834159853
18.5,18.557484941260924,-0.05748494126092396
18.5,18.552728555728468,-0.052728555728467796
18.44,18.538731753015334,-0.09873175301533266
18.69,18.56433321480883,0.12566678519117147
18.5,18.55818097866068,-0.05818097866067973
18.5,18.5522250459426,-0.052225045942599024
18.44,18.537221001104154,-0.09722100110415255
18.69,18.561990841202956,0.12800915879704533
18.5,18.555166219643038,-0.055166219643037806
18.5,18.54868122061039,-0.048681220610390596
18.44,18.533276112959133,-0.0932761129591313
18.69,18.557758285700462,0.13224171429953913
18.5,18.550745572092367,-0.0507455720923673
18.5,18.54415908173993,-0.04415908173993088
18.44,18.528726992223163,-0.08872699222316172
18.69,18.553245504999097,0.13675449500090409
18.5,18.546322174994135,-0.04632217499413471
18.5,18.53986873553401,-0.039868735534010824
18.44,18.524604872183954,-0.0846048721839523
18.69,18.549319152121303,0.1406808478786985
18.5,18.54261232015513,-0.04261232015512917
18.5,18.53639008456746,-0.0363900845674614
18.44,18.521366847711104,-0.08136684771110225
18.69,18.54632658919163,0.14367341080837193
18.5,18.539866113805314,-0.039866113805313574
18.56,18.54317923847059,0.016820761529409367
18.44,18.527615088971714,-0.0876150889717131
18.69,18.552036448205556,0.13796355179444575
18.5,18.54504672867693,-0.045046728676929604
18.5,18.53855376280909,-0.03855376280909084
18.44,18.52327359009885,-0.08327359009884816
18.62,18.537151369259814,0.08284863074018745
18.5,18.531374292919672,-0.03137429291967209
18.5,18.526083939995875,-0.026083939995874772
18.44,18.51198226795739,-0.07198226795738805
18.62,18.527002847683615,0.09299715231638572
18.5,18.522323542571616,-0.022323542571616173
18.5,18.518078632440293,-0.018078632440293063
18.44,18.504964586307274,-0.06496458630727275
18.62,18.520911088211378,0.09908891178862334
18.5,18.517093518831604,-0.01709351883160437
18.5,18.51364489423046,-0.01364489423045967
18.44,18.501261466295706,-0.06126146629570428
18.62,18.51787358930777,0.10212641069223238
18.5,18.514658055428733,-0.014658055428732553
18.5,18.511749900308043,-0.011749900308043237
18.44,18.499847883097935,-0.059847883097933874
18.62,18.516885244903172,0.10311475509682921
18.5,18.514041947960443,-0.014041947960443224
18.5,18.51145639616619,-0.011456396166188654
18.44,18.499830840612667,-0.059830840612665526
18.62,18.517102073483827,0.10289792651617446
18.5,18.51445361190865,-0.014453611908649577
18.5,18.512027371680997,-0.012027371680996879
18.44,18.500529033795235,-0.060529033795234
18.69,18.5287387316165,0.16126126838350174
18.5,18.525253593875362,-0.025253593875362412
18.5,18.521979831459838,-0.02197983145983784
18.44,18.50963582366955,-0.06963582366955023
18.69,18.53701241166536,0.15298758833464277
18.5,18.53271561049625,-0.03271561049625049
18.5,18.528658862428905,-0.028658862428905252
18.44,18.515566285465862,-0.07556628546586097
18.69,18.542233123337727,0.14776687666227417
18.5,18.537268607202105,-0.037268607202104675
18.5,18.532588350892624,-0.03258835089262391
18.44,18.51891773295946,-0.07891773295945725
18.69,18.54505247135123,0.14494752864877114
18.5,18.539601600717607,-0.039601600717606544
18.5,18.534479974080107,-0.0344799740801065
18.44,18.520411742150735,-0.08041174215073355
18.62,18.53535099113033,0.08464900886967186
18.5,18.530494414932875,-0.030494414932874747
18.44,18.51670200503183,-0.07670200503183011
18.44,18.504048243142755,-0.06404824314275359
18.56,18.511104214142804,0.04889578585719434
18.44,18.499120313616707,-0.059120313616706
18.44,18.488223581117172,-0.04822358111717051
18.44,18.478387329985175,-0.03838732998517358
18.56,18.48815811906112,0.07184188093888011
18.44,18.47876695105119,-0.03876695105118699
18.37,18.459486037839078,-0.08948603783907672
